Name_1,OpenPermID_1,OrgName_1,Score_1,Level_1,Name_2,OpenPermID_2,OrgName_2,Score_2,Level_2,EqualOrgName
2i rete gas spa,https://permid.org/1-5000936840,2I Rete Gas SpA,92%,Excellent,2i rete gas,https://permid.org/1-5000936840,2I Rete Gas SpA,92%,Excellent,True
a2a spa,https://permid.org/1-5000005309,A2A SpA,92%,Excellent,a2a,https://permid.org/1-5000005309,A2A SpA,92%,Excellent,True
abb finance bv,https://permid.org/1-5000066931,ABB Finance BV,92%,Excellent,abb finance,https://permid.org/1-4296359510,ABB Inc,20%,Possible,False
abertis infraestructuras sa,https://permid.org/1-4295889666,Abertis Infraestructuras SA,92%,Excellent,abertis infraestructuras,https://permid.org/1-4295889666,Abertis Infraestructuras SA,92%,Excellent,True
acea spa,https://permid.org/1-4295875677,Acea SpA,92%,Excellent,acea,https://permid.org/1-4295875677,Acea SpA,92%,Excellent,True
achmea bv,https://permid.org/1-8589934294,Achmea BV,92%,Excellent,achmea,https://permid.org/1-4296540298,Achmea Bank NV,25%,Possible,False
acs actde constry serv sa,,,,No Match,acs actde constry serv,,,,No Match,False
acs servicios comunicaciones y energia sl,https://permid.org/1-4298343692,ACS Servicios Comunicaciones y Energia SL,92%,Excellent,acs servicios comunicaciones y energia,https://permid.org/1-5046720135,"ACS SERVICIOS COMUNICACIONES Y ENERGIA MEXICO, S.A. DE C.V.",59%,Possible,False
adecco intl fin serv bv,https://permid.org/1-4298009523,Adecco International Financial Services BV,92%,Excellent,adecco intl fin serv,https://permid.org/1-4298009523,Adecco International Financial Services BV,92%,Excellent,True
adidas ag,https://permid.org/1-4295868725,Adidas AG,92%,Excellent,adidas,https://permid.org/1-4295868725,Adidas AG,92%,Excellent,True
adler group sa,https://permid.org/1-5046277024,Adler Group SA,92%,Excellent,adler group,https://permid.org/1-5046277024,Adler Group SA,92%,Excellent,True
ado properties sa,https://permid.org/1-5076926658,ADO Properties S.A.,92%,Excellent,ado properties,https://permid.org/1-5076942662,ADO Properties GmbH,92%,Excellent,False
aegon nv,https://permid.org/1-4295884931,Aegon NV,92%,Excellent,aegon,https://permid.org/1-4295884931,Aegon NV,92%,Excellent,True
aeroporti di roma spa,https://permid.org/1-4295875580,Aeroporti di Roma SpA,92%,Excellent,aeroporti di roma,https://permid.org/1-4295875580,Aeroporti di Roma SpA,92%,Excellent,True
aeroports de paris,https://permid.org/1-4295867266,Aeroports de Paris SA,92%,Excellent,aeroports de pari,,,,No Match,False
air liquide finance,https://permid.org/1-5059341248,Air Liquide AG Finance LP,35%,Possible,air liquide finance,https://permid.org/1-5059341248,Air Liquide AG Finance LP,35%,Possible,True
air liquide sa,https://permid.org/1-4295926500,Air Liquide Tunisie SA,72%,Good,air liquide,https://permid.org/1-4295867366,L'Air Liquide Societe Anonyme pour l'Etude et l'Exploitation des Procedes Georges Claude SA,92%,Excellent,False
air liquide sa etexplpgcl,,,,No Match,air liquide,https://permid.org/1-4295867366,L'Air Liquide Societe Anonyme pour l'Etude et l'Exploitation des Procedes Georges Claude SA,92%,Excellent,False
airbus group finance bv,,,,No Match,airbus group finance,,,,No Match,False
airbus se,https://permid.org/1-4295884955,Airbus SE,92%,Excellent,airbus,https://permid.org/1-4295884955,Airbus SE,92%,Excellent,True
akelius residential property finance bv,https://permid.org/1-4297166223,Akelius Residential Property AB (publ),19%,Possible,akelius residential property finance,https://permid.org/1-4297166223,Akelius Residential Property AB (publ),24%,Possible,True
akzo nobel nv,https://permid.org/1-4295884730,Akzo Nobel NV,92%,Excellent,akzo nobel,https://permid.org/1-4295884730,Akzo Nobel NV,92%,Excellent,True
albemarle new holding gmbh,https://permid.org/1-5053503107,Albemarle New Holding GmbH,92%,Excellent,albemarle new holding,https://permid.org/1-5053503107,Albemarle New Holding GmbH,67%,Good,True
alliander nv,https://permid.org/1-4295884948,Alliander NV,92%,Excellent,alliander,https://permid.org/1-4295884948,Alliander NV,92%,Excellent,True
allianz finance ii bv,https://permid.org/1-4296777983,Allianz Finance II BV,92%,Excellent,allianz finance ii,https://permid.org/1-5043447638,Allianz Finance II Luxembourg SA,54%,Possible,False
alstom sa,https://permid.org/1-4295867565,Alstom SA,92%,Excellent,alstom,https://permid.org/1-4295867565,Alstom SA,92%,Excellent,True
alstria office reit ag,https://permid.org/1-4295870318,alstria office REIT AG,92%,Excellent,alstria office reit,https://permid.org/1-4295870318,alstria office REIT AG,92%,Excellent,True
altarea,https://permid.org/1-4295867836,Altarea SCA,92%,Excellent,altarea,https://permid.org/1-4295867836,Altarea SCA,92%,Excellent,True
altareit sca,https://permid.org/1-4295866910,Altareit SCA,92%,Excellent,altareit,https://permid.org/1-4295866910,Altareit SCA,92%,Excellent,True
amadeus capital markets sau,https://permid.org/1-5035391193,Amadeus Capital Markets SA,92%,Excellent,amadeus capital markets,https://permid.org/1-5035391193,Amadeus Capital Markets SA,77%,Good,True
amadeus it group sa,https://permid.org/1-5000724903,Amadeus IT Group SA,92%,Excellent,amadeus it group,https://permid.org/1-5000724903,Amadeus IT Group SA,92%,Excellent,True
amphenol technologies holding gmbh,https://permid.org/1-4298510017,Amphenol Technologies Holding GmbH,92%,Excellent,amphenol technologies holding,https://permid.org/1-4298510017,Amphenol Technologies Holding GmbH,67%,Good,True
anheuser busch inbev,https://permid.org/1-5051775617,Anheuser Busch Inbev SA,80%,Good,anheuser busch inbev,https://permid.org/1-5051775617,Anheuser Busch Inbev SA,80%,Good,True
anheuser busch inbev nv,https://permid.org/1-5051775617,Anheuser Busch Inbev SA,84%,Good,anheuser busch inbev,https://permid.org/1-5051775617,Anheuser Busch Inbev SA,80%,Good,True
anheuser busch inbev nvsa,https://permid.org/1-5051775617,Anheuser Busch Inbev SA,67%,Good,anheuser busch inbev,https://permid.org/1-5051775617,Anheuser Busch Inbev SA,80%,Good,True
anheuser busch inbev sanv,https://permid.org/1-5051775617,Anheuser Busch Inbev SA,68%,Good,anheuser busch inbev,https://permid.org/1-5051775617,Anheuser Busch Inbev SA,80%,Good,True
apetra nv,https://permid.org/1-4298251365,Apetra NV,92%,Excellent,apetra,https://permid.org/1-4298251365,Apetra NV,92%,Excellent,True
aprr,https://permid.org/1-4295868502,Aprr SA,92%,Excellent,aprr,https://permid.org/1-4295868502,Aprr SA,92%,Excellent,True
aprr sa,https://permid.org/1-4295868502,Aprr SA,92%,Excellent,aprr,https://permid.org/1-4295868502,Aprr SA,92%,Excellent,True
arcelormittal sa,https://permid.org/1-5000030092,ArcelorMittal SA,92%,Excellent,arcelormittal,https://permid.org/1-5000030092,ArcelorMittal SA,92%,Excellent,True
arkema sa,https://permid.org/1-4295867361,Arkema SA,92%,Excellent,arkema,https://permid.org/1-4295867361,Arkema SA,92%,Excellent,True
aroundtown sa,https://permid.org/1-5057820156,Aroundtown SA,92%,Excellent,aroundtown,https://permid.org/1-5057820156,Aroundtown SA,92%,Excellent,True
asml holding nv,https://permid.org/1-4295884869,ASML Holding NV,92%,Excellent,asml holding,https://permid.org/1-4295884869,ASML Holding NV,92%,Excellent,True
assicurazioni generali spa,https://permid.org/1-4295875714,Assicurazioni Generali SpA,92%,Excellent,assicurazioni generali,https://permid.org/1-4295875714,Assicurazioni Generali SpA,92%,Excellent,True
atf netherlands bv,https://permid.org/1-5052144618,ATF Netherlands BV,92%,Excellent,atf netherlands,https://permid.org/1-5052144618,ATF Netherlands BV,92%,Excellent,True
atlantia spa,https://permid.org/1-4295875318,Atlantia SpA,92%,Excellent,atlantia,https://permid.org/1-4295875318,Atlantia SpA,92%,Excellent,True
atlas copco finance dac,https://permid.org/1-5061192967,Atlas Copco Finance Dac,92%,Excellent,atlas copco finance,https://permid.org/1-4298313843,Epiroc Financial Solutions AB,22%,Possible,False
atos se,https://permid.org/1-4295867015,Atos SE,92%,Excellent,atos,https://permid.org/1-4295867015,Atos SE,92%,Excellent,True
auchan holding sa,,,,No Match,auchan holding,https://permid.org/1-5024332092,Auchan II Holding UK Ltd,13%,Possible,False
autoroutes du sud de la france,https://permid.org/1-4295867620,Autoroutes du Sud de la France SA,83%,Good,autoroutes du sud de la france,https://permid.org/1-4295867620,Autoroutes du Sud de la France SA,83%,Good,True
autostr bresvervicpad spa,,,,No Match,autostr bresvervicpad,,,,No Match,False
autostrada brescia verona vicenza padova spa,https://permid.org/1-4296668015,A4 Holding SpA,92%,Excellent,autostrada brescia verona vicenza padova,https://permid.org/1-4296668015,A4 Holding SpA,82%,Good,True
autostrade per l italia spa,https://permid.org/1-5000025561,Autostrade per l'Italia SpA,17%,Possible,autostrade per l italia,,,,No Match,False
autostrade per litalia spa,https://permid.org/1-5000025561,Autostrade per l'Italia SpA,92%,Excellent,autostrade per litalia,https://permid.org/1-5000025561,Autostrade per l'Italia SpA,92%,Excellent,True
axa sa,https://permid.org/1-4295867483,AXA SA,92%,Excellent,axa,https://permid.org/1-4295867483,AXA SA,92%,Excellent,True
balder finland oyj,https://permid.org/1-5074787774,Balder Finland Oyj,92%,Excellent,balder finland,https://permid.org/1-5074787774,Balder Finland Oyj,92%,Excellent,True
barry callebaut services nv,https://permid.org/1-4297241934,Barry Callebaut Services NV,92%,Excellent,barry callebaut service,https://permid.org/1-5063146718,Barry Callebaut Cocoa Management Services SA de CV,43%,Possible,False
basf finance europe nv,https://permid.org/1-4296432601,Basf Finance Europe NV,92%,Excellent,basf finance europe,https://permid.org/1-4296432601,Basf Finance Europe NV,92%,Excellent,True
basf se,https://permid.org/1-4295869198,BASF SE,92%,Excellent,basf,https://permid.org/1-4295869198,BASF SE,43%,Possible,True
bat netherlands finance bv,https://permid.org/1-5042933956,BAT Netherlands Finance BV,92%,Excellent,bat netherlands finance,https://permid.org/1-5042933956,BAT Netherlands Finance BV,65%,Good,True
bayer ag,https://permid.org/1-4295869217,Bayer AG,92%,Excellent,bayer,https://permid.org/1-4295869217,Bayer AG,92%,Excellent,True
bayer capital corp bv,https://permid.org/1-4296954345,Bayer Capital Corporation BV,92%,Excellent,bayer capital corp,https://permid.org/1-4296432607,Bayer Capital NV,21%,Possible,False
befimmo sa,https://permid.org/1-4295859373,Befimmo SA,92%,Excellent,befimmo,https://permid.org/1-4295859373,Befimmo SA,92%,Excellent,True
beni stabili spa siiq,https://permid.org/1-4295875468,Beni Stabili SpA Societa di Investimento Immobiliare Quotata,92%,Excellent,beni stabili spa siiq,https://permid.org/1-4295875468,Beni Stabili SpA Societa di Investimento Immobiliare Quotata,92%,Excellent,True
bertelsmann se  co kgaa,https://permid.org/1-5037662836,Bertelsmann SE & Co KGaA,79%,Good,bertelsmann se  co,https://permid.org/1-5037662836,Bertelsmann SE & Co KGaA,21%,Possible,True
bertelsmann se kgaa,https://permid.org/1-5037662836,Bertelsmann SE & Co KGaA,63%,Good,bertelsmann se,https://permid.org/1-5037662836,Bertelsmann SE & Co KGaA,42%,Possible,True
bevco lux sarl,https://permid.org/1-5052148475,Bevco Lux SARL,92%,Excellent,bevco lux,https://permid.org/1-5052148475,Bevco Lux SARL,92%,Excellent,True
bmw finance nv,https://permid.org/1-4298251653,BMW Financial Services Belgium NV,23%,Possible,bmw finance,,,,No Match,False
borealis ag,https://permid.org/1-4298142340,Borealis AG,92%,Excellent,borealis,,,,No Match,False
bouygues,https://permid.org/1-4295867226,Bouygues SA,92%,Excellent,bouygue,,,,No Match,False
bouygues sa,https://permid.org/1-4295867226,Bouygues SA,92%,Excellent,bouygues,https://permid.org/1-4295867226,Bouygues SA,92%,Excellent,True
bp capital markets bv,https://permid.org/1-5076380855,BP Capital Markets BV,92%,Excellent,bp capital markets,https://permid.org/1-5000029986,BP Capital Markets America Inc,36%,Possible,False
bp capital markets plc,https://permid.org/1-4296765192,BP Capital Markets PLC,92%,Excellent,bp capital markets,https://permid.org/1-5000029986,BP Capital Markets America Inc,36%,Possible,False
brenntag finance bv,https://permid.org/1-5035396659,Brenntag Finance BV,92%,Excellent,brenntag finance,https://permid.org/1-5035396659,Brenntag Finance BV,92%,Excellent,True
brisa concessao rodoviaria,https://permid.org/1-5001421091,Brisa Concessao Rodoviaria SA,83%,Good,brisa concessao rodoviaria,https://permid.org/1-5001421091,Brisa Concessao Rodoviaria SA,83%,Good,True
brussels airport company sanv,https://permid.org/1-5000877078,Brussels Airport,12%,Possible,brussels airport company,https://permid.org/1-4297650390,Brussels Airport Company NV,92%,Excellent,False
bunge finance europe bv,https://permid.org/1-5000214282,Bunge Finance Europe BV,92%,Excellent,bunge finance europe,https://permid.org/1-5000214282,Bunge Finance Europe BV,60%,Good,True
buzzi unicem spa,https://permid.org/1-4295875751,Buzzi Unicem SpA,92%,Excellent,buzzi unicem,https://permid.org/1-4295875751,Buzzi Unicem SpA,92%,Excellent,True
ca immobilien anlagen ag,https://permid.org/1-4295858951,CA Immobilien Anlagen AG,92%,Excellent,ca immobilien anlagen,https://permid.org/1-4295858951,CA Immobilien Anlagen AG,92%,Excellent,True
cap gemini,https://permid.org/1-4297695613,Sogeti SAS,92%,Excellent,cap gemini,https://permid.org/1-4297695613,Sogeti SAS,92%,Excellent,True
carmila,https://permid.org/1-4297628655,Carmila SA,55%,Possible,carmila,https://permid.org/1-4297628655,Carmila SA,55%,Possible,True
carrefour sa,https://permid.org/1-4295866751,Carrefour SA,92%,Excellent,carrefour,https://permid.org/1-4295866751,Carrefour SA,92%,Excellent,True
caterpillar intl finance ltd,,,,No Match,caterpillar intl finance,https://permid.org/1-4296547049,Caterpillar International Finance DAC,92%,Excellent,False
ceetrus sa,https://permid.org/1-5057945093,Ceetrus Finance SA,49%,Possible,ceetrus,https://permid.org/1-5057945093,Ceetrus Finance SA,33%,Possible,True
cellnex finance company sau,,,,No Match,cellnex finance company,https://permid.org/1-5079192042,Cellnex Finance Company SA,92%,Excellent,False
cellnex telecom sa,https://permid.org/1-5043416261,Cellnex Telecom SA,92%,Excellent,cellnex telecom,https://permid.org/1-5043416261,Cellnex Telecom SA,92%,Excellent,True
cepsa finance saflds,,,,No Match,cepsa finance safld,,,,No Match,False
ciba spc chem fin lxbg sa,,,,No Match,ciba spc chem fin lxbg,,,,No Match,False
citycon oyj,https://permid.org/1-4295866323,Citycon Oyj,92%,Excellent,citycon,https://permid.org/1-4295866323,Citycon Oyj,92%,Excellent,True
citycon treasury bv,https://permid.org/1-5044006655,Citycon Treasury BV,92%,Excellent,citycon treasury,https://permid.org/1-5044006655,Citycon Treasury BV,92%,Excellent,True
ck hutchison grp telefin sa,,,,No Match,ck hutchison grp telefin,,,,No Match,False
cnh industrial finance eurosa,,,,No Match,cnh industrial finance euro,,,,No Match,False
coca cola hbc finance bv,https://permid.org/1-4296869348,Coca Cola HBC Finance BV,92%,Excellent,coca cola hbc finance,https://permid.org/1-5000022650,Coca-Cola HBC Finance PLC,92%,Excellent,False
coentreprise de transport delectricite,https://permid.org/1-5056398725,Coentreprise De Transport d'electricite SA,92%,Excellent,coentreprise de transport delectricite,https://permid.org/1-5056398725,Coentreprise De Transport d'electricite SA,92%,Excellent,True
cofinimmo nv,https://permid.org/1-4296918546,Cofinimmo Lease Finance SA,36%,Possible,cofinimmo,https://permid.org/1-4295859240,Cofinimmo SA,92%,Excellent,False
cofinimmo sanv,https://permid.org/1-4295859240,Cofinimmo SA,92%,Excellent,cofinimmo,https://permid.org/1-4295859240,Cofinimmo SA,92%,Excellent,True
compagnie de saint gobain sa,https://permid.org/1-4295867362,Compagnie de Saint Gobain SA,92%,Excellent,compagnie de saint gobain,https://permid.org/1-4295867362,Compagnie de Saint Gobain SA,92%,Excellent,True
compagnie fin ind autoroutes,,,,No Match,compagnie fin ind autoroute,,,,No Match,False
compagnie generale des etablissements michelin clermont ferrand,https://permid.org/1-4295867411,Compagnie Generale des Etablissements Michelin SCA,18%,Possible,compagnie generale des etablissements michelin clermont ferrand,https://permid.org/1-4295867411,Compagnie Generale des Etablissements Michelin SCA,18%,Possible,True
compass group finance netherlands bv,https://permid.org/1-5064650117,Compass Group Finance Netherlands BV,92%,Excellent,compass group finance netherlands,https://permid.org/1-5064650117,Compass Group Finance Netherlands BV,73%,Good,True
compass group international bv,https://permid.org/1-5068304965,Compass Group International 10 BV,59%,Possible,compass group international,https://permid.org/1-5068304965,Compass Group International 10 BV,55%,Possible,True
conti gummi finance bv,https://permid.org/1-4296561684,Conti Gummi Finance BV,92%,Excellent,conti gummi finance,https://permid.org/1-4296561684,Conti Gummi Finance BV,92%,Excellent,True
continental ag,https://permid.org/1-4295869236,Continental AG,92%,Excellent,continental,https://permid.org/1-4295869236,Continental AG,59%,Possible,True
corporacion de reservas estrategicas de productos petroliferos,https://permid.org/1-4295966650,Corporacion de Reservas Estrategicas de Productos Petroliferos,92%,Excellent,corporacion de reservas estrategicas de productos petrolifero,https://permid.org/1-4295966650,Corporacion de Reservas Estrategicas de Productos Petroliferos,45%,Possible,True
covestro ag,https://permid.org/1-5046707555,Covestro AG,92%,Excellent,covestro,https://permid.org/1-5046707555,Covestro AG,92%,Excellent,True
covivio hotels saca,,,,No Match,covivio hotels saca,,,,No Match,False
covivio sa,https://permid.org/1-4295867087,Covivio SA,92%,Excellent,covivio,https://permid.org/1-4295867087,Covivio SA,92%,Excellent,True
cp comboios de portugal epe,https://permid.org/1-4295886858,CP Comboios de Portugal EPE,92%,Excellent,cp comboios de portugal epe,https://permid.org/1-4295886858,CP Comboios de Portugal EPE,92%,Excellent,True
cpi property group sa,https://permid.org/1-5000002458,CPI Property Group SA,92%,Excellent,cpi property group,https://permid.org/1-5000002458,CPI Property Group SA,72%,Good,True
crh finance dac,https://permid.org/1-5052139913,CRH Finance DAC,92%,Excellent,crh finance,,,,No Match,False
crh finland services oyj,https://permid.org/1-5040186325,CRH Finland Services Oyj,92%,Excellent,crh finland services,https://permid.org/1-5040186325,CRH Finland Services Oyj,61%,Good,True
crh funding bv,https://permid.org/1-5040185854,CRH Funding BV,92%,Excellent,crh funding,https://permid.org/1-4297743209,CRH Group Funding Ltd,13%,Possible,False
crh smw finance dac,https://permid.org/1-5074210015,CRH SMW Finance DAC,92%,Excellent,crh smw finance,https://permid.org/1-5074210015,CRH SMW Finance DAC,92%,Excellent,True
ctp bv,,,,No Match,ctp,,,,No Match,False
czech gas networks investments sarl,https://permid.org/1-5068928626,Czech Gas Networks Investments SARL,92%,Excellent,czech gas networks investments,https://permid.org/1-5068928626,Czech Gas Networks Investments SARL,46%,Possible,True
daa finance plc,https://permid.org/1-4296837653,Daa Finance PLC,92%,Excellent,daa finance,https://permid.org/1-4296837653,Daa Finance PLC,92%,Excellent,True
daimler ag,https://permid.org/1-4295869694,Daimler AG,92%,Excellent,daimler,https://permid.org/1-4295869694,Daimler AG,92%,Excellent,True
daimler intl finance bv,https://permid.org/1-4296434224,Daimler Benz International Finance BV,41%,Possible,daimler intl finance,https://permid.org/1-4296434224,Daimler Benz International Finance BV,11%,Possible,True
danone,https://permid.org/1-4295867387,Danone SA,92%,Excellent,danone,https://permid.org/1-4295867387,Danone SA,92%,Excellent,True
dassault systemes,https://permid.org/1-4295867357,Dassault Systemes SE,92%,Excellent,dassault systeme,https://permid.org/1-5035936753,Dassault Systemes SolidWorks Corp,92%,Excellent,False
delhaize group,,,,No Match,delhaize group,,,,No Match,False
delhaize group sa,,,,No Match,delhaize group,,,,No Match,False
delta lloyd nv,https://permid.org/1-4297753012,Banque Nagelmackers NV,67%,Good,delta lloyd,,,,No Match,False
deutsche bahn finance bv,https://permid.org/1-4296558761,Deutsche Bahn Finance BV,92%,Excellent,deutsche bahn finance,https://permid.org/1-5057817730,Deutsche Bahn Finance GmbH,83%,Good,False
deutsche bahn finance gmbh,https://permid.org/1-5057817730,Deutsche Bahn Finance GmbH,92%,Excellent,deutsche bahn finance,https://permid.org/1-5057817730,Deutsche Bahn Finance GmbH,83%,Good,True
deutsche borse ag,https://permid.org/1-4296690429,Deutsche Boerse Systems AG,65%,Good,deutsche borse,https://permid.org/1-5000775305,Deutsche Boerse Services sro,71%,Good,False
deutsche lufthansa ag,https://permid.org/1-4295868979,Deutsche Lufthansa AG,92%,Excellent,deutsche lufthansa,https://permid.org/1-4295868979,Deutsche Lufthansa AG,66%,Good,True
deutsche post ag,https://permid.org/1-4295869983,Deutsche Post AG,92%,Excellent,deutsche post,https://permid.org/1-4295869983,Deutsche Post AG,92%,Excellent,True
deutsche post finance bv,https://permid.org/1-4296092017,Deutsche Post Finance BV,92%,Excellent,deutsche post finance,https://permid.org/1-4296092017,Deutsche Post Finance BV,92%,Excellent,True
deutsche telekom ag,https://permid.org/1-4295870332,Deutsche Telekom AG,92%,Excellent,deutsche telekom,https://permid.org/1-4295870332,Deutsche Telekom AG,92%,Excellent,True
deutsche telekom intl finbv,,,,No Match,deutsche telekom intl fin,https://permid.org/1-4296543170,Deutsche Telekom International Finance BV,70%,Good,False
deutsche wohnen ag,,,,No Match,deutsche wohnen,https://permid.org/1-5062386053,Deutsche Wohnen SE,92%,Excellent,False
diageo capital bv,https://permid.org/1-5076372727,Diageo Capital BV,92%,Excellent,diageo capital,https://permid.org/1-4296543161,Diageo Capital PLC,92%,Excellent,False
digital dutch finco bv,https://permid.org/1-5071570642,Digital Dutch Finco BV,92%,Excellent,digital dutch finco,https://permid.org/1-5071570642,Digital Dutch Finco BV,67%,Good,True
digital intrepid holding bv,https://permid.org/1-5073639223,Digital Intrepid Holding BV,92%,Excellent,digital intrepid holding,https://permid.org/1-5073639223,Digital Intrepid Holding BV,64%,Good,True
distribuidora intl de alimsa,,,,No Match,distribuidora intl de alim,,,,No Match,False
dna oyj,https://permid.org/1-4298361219,DNA Oyj,92%,Excellent,dna,,,,No Match,False
dsv panalpina finance bv,https://permid.org/1-5079903944,DSV Panalpina Finance BV,92%,Excellent,dsv panalpina finance,https://permid.org/1-5079903944,DSV Panalpina Finance BV,69%,Good,True
eandis,https://permid.org/1-4297633980,Fluvius System Operator CVBA,10%,Possible,eandi,,,,No Match,False
eandis cvba,,,,No Match,eandis,https://permid.org/1-4297633980,Fluvius System Operator CVBA,10%,Possible,False
easyjet finco bv,https://permid.org/1-5076385165,EasyJet FinCo BV,92%,Excellent,easyjet finco,https://permid.org/1-5076385165,EasyJet FinCo BV,92%,Excellent,True
eaton capital unlimited co,https://permid.org/1-5051785981,Eaton Capital Unlimited Co,92%,Excellent,eaton capital unlimited co,https://permid.org/1-5051785981,Eaton Capital Unlimited Co,92%,Excellent,True
edenred sa,https://permid.org/1-5000759495,Edenred SA,92%,Excellent,edenred,https://permid.org/1-5000759495,Edenred SA,92%,Excellent,True
edison spa,https://permid.org/1-4295875687,Edison SpA,92%,Excellent,edison,https://permid.org/1-4295903910,Edison International,23%,Possible,False
edp energias de portugal sa,https://permid.org/1-4295886834,EDP Energias de Portugal SA,92%,Excellent,edp energias de portugal,https://permid.org/1-4295886834,EDP Energias de Portugal SA,92%,Excellent,True
edp finance bv,https://permid.org/1-4297963439,EDP Finance BV,92%,Excellent,edp finance,https://permid.org/1-4297963439,EDP Finance BV,92%,Excellent,True
eesti energia as,https://permid.org/1-4296466265,Eesti Energia AS,92%,Excellent,eesti energia,https://permid.org/1-4296466265,Eesti Energia AS,92%,Excellent,True
el corte ingle sa,,,,No Match,el corte ingle,,,,No Match,False
electricite de france edf,https://permid.org/1-4296679910,EDF International SAS,27%,Possible,electricite de france edf,https://permid.org/1-4296679910,EDF International SAS,27%,Possible,True
elering as,https://permid.org/1-4298221301,Elering AS,92%,Excellent,elering,https://permid.org/1-4298221301,Elering AS,92%,Excellent,True
elia group sa,https://permid.org/1-4295859541,Elia Group SA,92%,Excellent,elia group,https://permid.org/1-4295859541,Elia Group SA,92%,Excellent,True
elia system operator nv,,,,No Match,elia system operator,https://permid.org/1-4297577357,Elia,92%,Excellent,False
elia system operator sanv,,,,No Match,elia system operator,https://permid.org/1-4297577357,Elia,92%,Excellent,False
elia transmission belgium,https://permid.org/1-5071549731,Elia Transmission Belgium NV,74%,Good,elia transmission belgium,https://permid.org/1-5071549731,Elia Transmission Belgium NV,74%,Good,True
elisa oyj,https://permid.org/1-5000040066,Elisa Oyj,92%,Excellent,elisa,https://permid.org/1-5000040066,Elisa Oyj,92%,Excellent,True
enagas financiaciones sau,https://permid.org/1-5037846601,Enagas Financiaciones SAU,92%,Excellent,enagas financiaciones,https://permid.org/1-5037846601,Enagas Financiaciones SAU,80%,Good,True
enbw international finance bv,https://permid.org/1-4296930961,EnBW International Finance BV,92%,Excellent,enbw international finance,https://permid.org/1-4296930961,EnBW International Finance BV,92%,Excellent,True
enel finance intl nv,https://permid.org/1-5001426741,ENEL Finance International NV,92%,Excellent,enel finance intl,https://permid.org/1-5001426741,ENEL Finance International NV,69%,Good,True
enel spa,https://permid.org/1-4295875798,Enel SpA,92%,Excellent,enel,https://permid.org/1-4295875798,Enel SpA,92%,Excellent,True
energie ag oberosterreich,https://permid.org/1-5000435851,Energie AG Oberoesterreich Umwelt Holding GmbH,12%,Possible,energie ag oberosterreich,https://permid.org/1-5000435851,Energie AG Oberoesterreich Umwelt Holding GmbH,12%,Possible,True
enexis holding nv,https://permid.org/1-4298484226,Enexis Holding NV,92%,Excellent,enexis holding,https://permid.org/1-4298484226,Enexis Holding NV,92%,Excellent,True
engie,https://permid.org/1-4295866806,Engie SA,92%,Excellent,engie,https://permid.org/1-4295866806,Engie SA,92%,Excellent,True
engie alliance gie,https://permid.org/1-5000076191,Engie Alliance Gie,92%,Excellent,engie alliance gie,https://permid.org/1-5000076191,Engie Alliance Gie,92%,Excellent,True
engie sa,https://permid.org/1-4295866806,Engie SA,92%,Excellent,engie,https://permid.org/1-4295866806,Engie SA,92%,Excellent,True
eni finance international sa,https://permid.org/1-4296715124,Eni Finance International SA,92%,Excellent,eni finance international,https://permid.org/1-4296715124,Eni Finance International SA,92%,Excellent,True
eni spa,https://permid.org/1-4295875633,Eni SpA,92%,Excellent,eni,https://permid.org/1-4295875633,Eni SpA,92%,Excellent,True
enodia scrl,https://permid.org/1-4297881749,Enodia SCRL,92%,Excellent,enodia,https://permid.org/1-5060518123,Enodia Holding Srl,33%,Possible,False
eon intl finance bv,,,,No Match,eon intl finance,,,,No Match,False
eon se,,,,No Match,eon,,,,No Match,False
erdol lagergesellschaft mbh,https://permid.org/1-5079546902,Erdol-Lagergesellschaft mbH,92%,Excellent,erdol lagergesellschaft,https://permid.org/1-5079546902,Erdol-Lagergesellschaft mbH,73%,Good,True
erg spa,https://permid.org/1-4295875564,ERG SpA,92%,Excellent,erg,https://permid.org/1-4295875564,ERG SpA,92%,Excellent,True
esb finance dac,https://permid.org/1-5000653057,ESB Finance DAC,92%,Excellent,esb finance,https://permid.org/1-5044197201,ESB Financial Enterprises Ltd,92%,Excellent,False
esselunga spa,https://permid.org/1-4297965300,Esselunga SpA,92%,Excellent,esselunga,https://permid.org/1-4297965300,Esselunga SpA,92%,Excellent,True
essilor international,https://permid.org/1-4295867261,EssilorLuxottica SA,92%,Excellent,essilor international,https://permid.org/1-4295867261,EssilorLuxottica SA,92%,Excellent,True
essilorluxottica sa,https://permid.org/1-4295867261,EssilorLuxottica SA,92%,Excellent,essilorluxottica,https://permid.org/1-4295867261,EssilorLuxottica SA,92%,Excellent,True
eurofins scientific se,https://permid.org/1-5037433929,Eurofins Scientific SE,92%,Excellent,eurofins scientific,https://permid.org/1-5037433929,Eurofins Scientific SE,92%,Excellent,True
eurogrid gmbh,https://permid.org/1-5001234109,Eurogrid GmbH,92%,Excellent,eurogrid,https://permid.org/1-5001234109,Eurogrid GmbH,92%,Excellent,True
euronext nv,https://permid.org/1-5042958012,Euronext NV,92%,Excellent,euronext,https://permid.org/1-5042958012,Euronext NV,92%,Excellent,True
eustream as,https://permid.org/1-4298244950,Eustream as,92%,Excellent,eustream,https://permid.org/1-4298244950,Eustream as,92%,Excellent,True
eutelsat sa,https://permid.org/1-4295866983,Eutelsat Communications SA,51%,Possible,eutelsat,https://permid.org/1-4295866983,Eutelsat Communications SA,38%,Possible,True
evn ag,https://permid.org/1-4295859045,EVN AG,92%,Excellent,evn,https://permid.org/1-4295859045,EVN AG,92%,Excellent,True
evonik finance bv,https://permid.org/1-5036394213,Evonik Finance BV,92%,Excellent,evonik finance,https://permid.org/1-5036394213,Evonik Finance BV,92%,Excellent,True
evonik industries ag,https://permid.org/1-5000074393,Evonik Industries AG,92%,Excellent,evonik industries,https://permid.org/1-5000074393,Evonik Industries AG,92%,Excellent,True
ewe ag,https://permid.org/1-4295869127,EWE AG,92%,Excellent,ewe,https://permid.org/1-4295869127,EWE AG,92%,Excellent,True
exor nv,https://permid.org/1-5052536757,Exor NV,92%,Excellent,exor,https://permid.org/1-5052536757,Exor NV,19%,Possible,True
ferrovial emisiones sa,https://permid.org/1-5038048731,Ferrovial Emisiones SA,92%,Excellent,ferrovial emisiones,https://permid.org/1-5038048731,Ferrovial Emisiones SA,78%,Good,True
ferrovie dello stato italiane spa,https://permid.org/1-4295963223,Ferrovie dello Stato Italiane SpA,92%,Excellent,ferrovie dello stato italiane,https://permid.org/1-4295963223,Ferrovie dello Stato Italiane SpA,92%,Excellent,True
ferrovie dello stato italspa,https://permid.org/1-4295963223,Ferrovie dello Stato Italiane SpA,40%,Possible,ferrovie dello stato ital,https://permid.org/1-4295963223,Ferrovie dello Stato Italiane SpA,63%,Good,True
fiat chrysler automobiles nv,https://permid.org/1-5048857469,Fiat Chrysler Automobiles NV,92%,Excellent,fiat chrysler automobile,,,,No Match,False
fingrid oyj,https://permid.org/1-4296543266,Fingrid Oyj,92%,Excellent,fingrid,https://permid.org/1-4296543266,Fingrid Oyj,92%,Excellent,True
firmenich productions participations sas,https://permid.org/1-5055442099,Firmenich Productions Participations SAS,92%,Excellent,firmenich productions participations,https://permid.org/1-5055442099,Firmenich Productions Participations SAS,73%,Good,True
fluvius system operator cvba,https://permid.org/1-4297633980,Fluvius System Operator CVBA,92%,Excellent,fluvius system operator,https://permid.org/1-4297633980,Fluvius System Operator CVBA,45%,Possible,True
fonciere des regions,https://permid.org/1-5035902891,Fonciere des Regions Developpement SAS,57%,Possible,fonciere des region,,,,No Match,False
fonciere des regions sa,https://permid.org/1-5061332739,Fonciere des Regions SA,92%,Excellent,fonciere des regions,https://permid.org/1-5035902891,Fonciere des Regions Developpement SAS,57%,Possible,False
fortum oyj,https://permid.org/1-4295866494,Fortum Oyj,92%,Excellent,fortum,https://permid.org/1-4295866494,Fortum Oyj,92%,Excellent,True
fresenius finance ireland plc,https://permid.org/1-5059049446,Fresenius Finance Ireland II PLC,78%,Good,fresenius finance ireland,https://permid.org/1-5059049446,Fresenius Finance Ireland II PLC,37%,Possible,True
fresenius medical care ag  co kgaa,https://permid.org/1-4295869203,Fresenius Medical Care AG & Co KGaA,83%,Good,fresenius medical care ag  co,https://permid.org/1-4295869203,Fresenius Medical Care AG & Co KGaA,82%,Good,True
fresenius medical care ag and co kgaa,https://permid.org/1-4295869203,Fresenius Medical Care AG & Co KGaA,92%,Excellent,fresenius medical care ag and co,https://permid.org/1-4295869203,Fresenius Medical Care AG & Co KGaA,77%,Good,True
fresenius se  co kgaa,https://permid.org/1-5001439044,Fresenius SE & Co KGaA,78%,Good,fresenius se  co,https://permid.org/1-5001439044,Fresenius SE & Co KGaA,73%,Good,True
gas natural cm sa,,,,No Match,gas natural cm,,,,No Match,False
gas natural fenosa finance bv,https://permid.org/1-4296948055,Naturgy Finance BV,92%,Excellent,gas natural fenosa finance,https://permid.org/1-4296948055,Naturgy Finance BV,71%,Good,True
gas networks ireland,https://permid.org/1-5046712558,Gas Networks Ireland,92%,Excellent,gas networks ireland,https://permid.org/1-5046712558,Gas Networks Ireland,92%,Excellent,True
geberit international bv,https://permid.org/1-5000054357,Geberit International BV,92%,Excellent,geberit international,https://permid.org/1-4295890739,Geberit AG,66%,Good,False
gecina,https://permid.org/1-4295867555,Gecina SA,92%,Excellent,gecina,https://permid.org/1-4295867555,Gecina SA,92%,Excellent,True
gie engie alliance,,,,No Match,gie engie alliance,,,,No Match,False
givaudan finance europe bv,https://permid.org/1-5073623848,Givaudan Finance Europe BV,92%,Excellent,givaudan finance europe,https://permid.org/1-5073623848,Givaudan Finance Europe BV,66%,Good,True
glencore capital finance dac,https://permid.org/1-5076169227,Glencore Capital Finance DAC,92%,Excellent,glencore capital finance,https://permid.org/1-5076169227,Glencore Capital Finance DAC,52%,Possible,True
glencore finance europe sa,https://permid.org/1-4295882975,Glencore Finance Europe SA,92%,Excellent,glencore finance europe,https://permid.org/1-5057819876,Glencore Finance (Europe) Ltd,74%,Good,False
global switch finance bv,https://permid.org/1-5076948433,Global Switch Finance BV,92%,Excellent,global switch finance,https://permid.org/1-5076948433,Global Switch Finance BV,59%,Possible,True
grand city properties sa,https://permid.org/1-5037587520,Grand City Properties SA,92%,Excellent,grand city properties,https://permid.org/1-5037587520,Grand City Properties SA,92%,Excellent,True
groupe bruxelles lambert sa,https://permid.org/1-5066557287,Groupe Bruxelles Lambert SA,92%,Excellent,groupe bruxelles lambert,https://permid.org/1-4295859531,Groep Brussel Lambert NV,92%,Excellent,False
hannover re,https://permid.org/1-4295869315,Hannover Rueck SE,92%,Excellent,hannover re,https://permid.org/1-4295869315,Hannover Rueck SE,92%,Excellent,True
hannover rueck se,https://permid.org/1-4295869315,Hannover Rueck SE,92%,Excellent,hannover rueck,https://permid.org/1-4295869315,Hannover Rueck SE,92%,Excellent,True
heidelbergcement ag,https://permid.org/1-4295868961,HeidelbergCement AG,92%,Excellent,heidelbergcement,https://permid.org/1-4295868961,HeidelbergCement AG,75%,Good,True
heidelbergcement finlux sa,,,,No Match,heidelbergcement finlux,,,,No Match,False
heimstaden bostad treasury bv,https://permid.org/1-5076386265,Heimstaden Bostad Treasury BV,92%,Excellent,heimstaden bostad treasury,https://permid.org/1-5076386265,Heimstaden Bostad Treasury BV,79%,Good,True
heineken nv,https://permid.org/1-4295884692,Heineken NV,92%,Excellent,heineken,https://permid.org/1-4295884692,Heineken NV,92%,Excellent,True
hella finance international bv,https://permid.org/1-5055943325,Hella Finance International BV,92%,Excellent,hella finance international,https://permid.org/1-5055943325,Hella Finance International BV,71%,Good,True
hella gmbh  co kgaa,https://permid.org/1-4298169984,HELLA GmbH & Co KGaA,76%,Good,hella gmbh  co,https://permid.org/1-4298169984,HELLA GmbH & Co KGaA,23%,Possible,True
hella kgaa hueck,https://permid.org/1-5037142580,HELLA KGaA Hueck & Co,92%,Excellent,hella kgaa hueck,https://permid.org/1-5037142580,HELLA KGaA Hueck & Co,92%,Excellent,True
hella kgaa hueck  co,https://permid.org/1-5037142580,HELLA KGaA Hueck & Co,80%,Good,hella kgaa hueck  co,https://permid.org/1-5037142580,HELLA KGaA Hueck & Co,80%,Good,True
hemso treasury oyj,https://permid.org/1-5079156209,Hemso Treasury Oyj,92%,Excellent,hemso treasury,https://permid.org/1-5079156209,Hemso Treasury Oyj,92%,Excellent,True
henkel ag  co kgaa,https://permid.org/1-4295869260,Henkel AG & Co KgaA,75%,Good,henkel ag  co,https://permid.org/1-4295869260,Henkel AG & Co KgaA,66%,Good,True
henkel ag kgaa,https://permid.org/1-4295869260,Henkel AG & Co KgaA,70%,Good,henkel ag,https://permid.org/1-4295869260,Henkel AG & Co KgaA,92%,Excellent,True
hera spa,https://permid.org/1-4295875817,Hera SpA,92%,Excellent,hera,https://permid.org/1-4295875817,Hera SpA,92%,Excellent,True
hm finance bv,,,,No Match,hm finance,https://permid.org/1-5074659578,H M Finance,92%,Excellent,False
hochtief ag,https://permid.org/1-4295869084,Hochtief AG,92%,Excellent,hochtief,https://permid.org/1-4295869084,Hochtief AG,92%,Excellent,True
holcim finance luxembg sa,,,,No Match,holcim finance luxembg,,,,No Match,False
holcim finance sa,https://permid.org/1-4296045812,Holcim Finance Luxembourg SA,50%,Possible,holcim finance,https://permid.org/1-4296045812,Holcim Finance Luxembourg SA,37%,Possible,True
holcim usfinsarl  cie scs,,,,No Match,holcim usfinsarl  cie,,,,No Match,False
holcim usfinsarl scs,,,,No Match,holcim usfinsarl,,,,No Match,False
holding d infrastructures de transport,,,,No Match,holding d infrastructures de transport,,,,No Match,False
holding d infrastructures de transport sas,,,,No Match,holding d infrastructures de transport,,,,No Match,False
holding dinfrastr de transp,,,,No Match,holding dinfrastr de tran,,,,No Match,False
holding dinfrastructure,https://permid.org/1-5000919963,Hldg Dinfrastructure De Transport Sas,32%,Possible,holding dinfrastructure,https://permid.org/1-5000919963,Hldg Dinfrastructure De Transport Sas,32%,Possible,True
iberdrola finanzas sau,https://permid.org/1-4297231408,Iberdrola Finanzas SA,92%,Excellent,iberdrola finanzas,https://permid.org/1-4297231408,Iberdrola Finanzas SA,79%,Good,True
iberdrola international bv,https://permid.org/1-5050277472,Iberdrola International Finance BV,53%,Possible,iberdrola international,https://permid.org/1-5050277472,Iberdrola International Finance BV,44%,Possible,True
ignitis grupe uab,https://permid.org/1-5000609627,Ignitis Grupe AB,89%,Good,ignitis grupe uab,https://permid.org/1-5000609627,Ignitis Grupe AB,89%,Good,True
immofinanz ag,https://permid.org/1-4295859001,Immofinanz AG,92%,Excellent,immofinanz,https://permid.org/1-4295859001,Immofinanz AG,92%,Excellent,True
imperial brands finance netherlands bv,https://permid.org/1-5074840315,Imperial Brands Finance Netherlands BV,92%,Excellent,imperial brands finance netherlands,https://permid.org/1-5074840315,Imperial Brands Finance Netherlands BV,74%,Good,True
infineon technologies ag,https://permid.org/1-4295870063,Infineon Technologies AG,92%,Excellent,infineon technologies,https://permid.org/1-4295870063,Infineon Technologies AG,59%,Possible,True
infra park,https://permid.org/1-5050701816,DG Infra+ Park Invest BV,19%,Possible,infra park,https://permid.org/1-5050701816,DG Infra+ Park Invest BV,19%,Possible,True
infrastrutture wireless italiane spa,https://permid.org/1-5045517782,Infrastrutture Wireless Italiane SpA,92%,Excellent,infrastrutture wireless italiane,https://permid.org/1-5045517782,Infrastrutture Wireless Italiane SpA,75%,Good,True
infrax cvba,https://permid.org/1-5037937293,Infrax CVBA,92%,Excellent,infrax,https://permid.org/1-4297695639,Infrax Systems Inc,22%,Possible,False
inmobiliaria colonial,https://permid.org/1-4295889320,Inmobiliaria Colonial SOCIMI SA,92%,Excellent,inmobiliaria colonial,https://permid.org/1-4295889320,Inmobiliaria Colonial SOCIMI SA,92%,Excellent,True
innogy finance bv,https://permid.org/1-4296653814,innogy Finance BV,92%,Excellent,innogy finance,https://permid.org/1-4296653814,innogy Finance BV,92%,Excellent,True
innogy finance ii bv,https://permid.org/1-5048276776,innogy Finance II BV,92%,Excellent,innogy finance ii,https://permid.org/1-5048276776,innogy Finance II BV,66%,Good,True
international consolidated airlines group,https://permid.org/1-5001229906,International Consolidated Airlines Group SA,80%,Good,international consolidated airlines group,https://permid.org/1-5001229906,International Consolidated Airlines Group SA,80%,Good,True
iren spa,https://permid.org/1-4295875719,Iren SpA,92%,Excellent,iren,https://permid.org/1-4295875719,Iren SpA,92%,Excellent,True
iss finance bv,https://permid.org/1-5074640466,ISS Finance BV,92%,Excellent,iss finance,https://permid.org/1-5074640466,ISS Finance BV,92%,Excellent,True
iss finance nb,,,,No Match,iss finance nb,,,,No Match,False
italgas spa,https://permid.org/1-5052167677,Italgas SpA,92%,Excellent,italgas,https://permid.org/1-5052167677,Italgas SpA,92%,Excellent,True
jab holdings bv,https://permid.org/1-5037932504,JAB Holdings BV,92%,Excellent,jab holdings,https://permid.org/1-5043346727,JAB Holding Company SARL,92%,Excellent,False
jcdecaux sa,https://permid.org/1-4295867953,JCDecaux SA,92%,Excellent,jcdecaux,https://permid.org/1-4295867953,JCDecaux SA,92%,Excellent,True
john deere cash management sa,https://permid.org/1-4297058300,John Deere Cash Management SA,92%,Excellent,john deere cash management,https://permid.org/1-4297058300,John Deere Cash Management SA,92%,Excellent,True
kelag karntner elektrizitats aktiengesellschaft,https://permid.org/1-4296717654,Kelag kaerntner Elektrizitaets AG,92%,Excellent,kelag karntner elektrizitats aktiengesellschaft,https://permid.org/1-4296717654,Kelag kaerntner Elektrizitaets AG,92%,Excellent,True
kering sa,https://permid.org/1-4295867170,Kering SA,92%,Excellent,kering,https://permid.org/1-4295867170,Kering SA,92%,Excellent,True
kerry group financial services,https://permid.org/1-4298364799,Kerry Group Financial Services Unlimited Co,26%,Possible,kerry group financial service,https://permid.org/1-4298364799,Kerry Group Financial Services Unlimited Co,26%,Possible,True
kion group ag,https://permid.org/1-5066558455,Kion Group AG,92%,Excellent,kion group,https://permid.org/1-5066558455,Kion Group AG,92%,Excellent,True
klepierre,https://permid.org/1-4295866923,Klepierre SA,92%,Excellent,klepierre,https://permid.org/1-4295866923,Klepierre SA,92%,Excellent,True
knorr bremse ag,https://permid.org/1-4295869167,Knorr Bremse AG,92%,Excellent,knorr bremse,https://permid.org/1-4295869167,Knorr Bremse AG,92%,Excellent,True
kojamo oyj,https://permid.org/1-4296619425,Kojamo Oyj,92%,Excellent,kojamo,https://permid.org/1-4296619425,Kojamo Oyj,92%,Excellent,True
koninklijke ahold delhaize nv,https://permid.org/1-4295884672,Koninklijke Ahold Delhaize NV,92%,Excellent,koninklijke ahold delhaize,https://permid.org/1-4295884672,Koninklijke Ahold Delhaize NV,77%,Good,True
koninklijke dsm nv,https://permid.org/1-4295884728,Koninklijke DSM NV,92%,Excellent,koninklijke dsm,https://permid.org/1-4295884728,Koninklijke DSM NV,92%,Excellent,True
koninklijke kpn nv,https://permid.org/1-4295884844,Koninklijke KPN NV,92%,Excellent,koninklijke kpn,https://permid.org/1-4295884844,Koninklijke KPN NV,62%,Good,True
koninklijke philips nv,https://permid.org/1-4295884721,Koninklijke Philips NV,92%,Excellent,koninklijke philip,,,,No Match,False
ks ag,https://permid.org/1-4295869106,K&S AG,92%,Excellent,ks,https://permid.org/1-4295869106,K&S AG,92%,Excellent,True
ks aktiengesellschaft,https://permid.org/1-4295869106,K&S AG,92%,Excellent,ks aktiengesellschaft,https://permid.org/1-4295869106,K&S AG,92%,Excellent,True
la poste,https://permid.org/1-4297057843,La Poste SA,92%,Excellent,la poste,https://permid.org/1-4297057843,La Poste SA,92%,Excellent,True
lanxess ag,https://permid.org/1-4295870205,Lanxess AG,92%,Excellent,lanxess,https://permid.org/1-4295870205,Lanxess AG,92%,Excellent,True
leg immobilien ag,https://permid.org/1-5038054895,LEG Immobilien SE,92%,Excellent,leg immobilien,https://permid.org/1-5038054895,LEG Immobilien SE,92%,Excellent,True
legrand sa,https://permid.org/1-4295868617,Legrand SA,92%,Excellent,legrand,https://permid.org/1-4295868617,Legrand SA,92%,Excellent,True
leonardo spa,https://permid.org/1-4295875430,Leonardo SpA,92%,Excellent,leonardo,https://permid.org/1-4295875430,Leonardo SpA,92%,Excellent,True
liberty mutual fineurope dac,https://permid.org/1-5055406275,Liberty Mutual Finance Europe DAC,15%,Possible,liberty mutual fineurope,,,,No Match,False
lietuvos energija uab,https://permid.org/1-5069461045,Lietuvos Energija Renewables UAB,45%,Possible,lietuvos energija uab,https://permid.org/1-5069461045,Lietuvos Energija Renewables UAB,45%,Possible,True
linde ag,https://permid.org/1-4296772323,Linde Gas GmbH,51%,Possible,linde,https://permid.org/1-4295903205,Linde Inc,35%,Possible,False
linde finance bv,https://permid.org/1-4296717566,Linde Finance BV,92%,Excellent,linde finance,https://permid.org/1-4298343230,Linde Finance,92%,Excellent,False
linea group holding spa,https://permid.org/1-4297805945,Linea Group Holding SpA,92%,Excellent,linea group holding,https://permid.org/1-4297805945,Linea Group Holding SpA,92%,Excellent,True
lonza finance international nv,https://permid.org/1-5071534681,Lonza Finance International NV,92%,Excellent,lonza finance international,https://permid.org/1-5071534681,Lonza Finance International NV,92%,Excellent,True
lseg netherlands bv,https://permid.org/1-5079710330,LSEG Netherlands BV,92%,Excellent,lseg netherlands,https://permid.org/1-5079710330,LSEG Netherlands BV,92%,Excellent,True
luxottica group spa,https://permid.org/1-4295875513,Luxottica Group SpA,92%,Excellent,luxottica group,https://permid.org/1-4295875513,Luxottica Group SpA,92%,Excellent,True
lvmh moet henn l vuitton se,,,,No Match,lvmh moet henn l vuitton,,,,No Match,False
lyb international finance ii,https://permid.org/1-5050307449,LYB International Finance II BV,92%,Excellent,lyb international finance ii,https://permid.org/1-5050307449,LYB International Finance II BV,92%,Excellent,True
madrilena red de gas fin bv,https://permid.org/1-5040246454,Madrilena Red de Gas Finance BV,92%,Excellent,madrilena red de gas fin,https://permid.org/1-5040246454,Madrilena Red de Gas Finance BV,75%,Good,True
mapfre sa,https://permid.org/1-4295889568,Mapfre SA,92%,Excellent,mapfre,https://permid.org/1-4295889568,Mapfre SA,92%,Excellent,True
mercialys,https://permid.org/1-4295868628,Mercialys SA,92%,Excellent,mercialy,,,,No Match,False
merck financial services gmbh,https://permid.org/1-4298412088,Merck Financial Services GmbH,92%,Excellent,merck financial services,https://permid.org/1-4298412088,Merck Financial Services GmbH,92%,Excellent,True
merlin properties socimi sa,https://permid.org/1-5042243092,MERLIN Properties SOCIMI SA,92%,Excellent,merlin properties socimi,https://permid.org/1-5042243092,MERLIN Properties SOCIMI SA,80%,Good,True
metro ag,https://permid.org/1-4295868692,Ceconomy AG,92%,Excellent,metro,https://permid.org/1-4295860645,Metro Inc,92%,Excellent,False
metro finance bv,https://permid.org/1-4296555329,Metro Finance BV,92%,Excellent,metro finance,,,,No Match,False
metropolitano de lisboa,https://permid.org/1-4296293806,Metropolitano de Lisboa EPE,63%,Good,metropolitano de lisboa,https://permid.org/1-4296293806,Metropolitano de Lisboa EPE,63%,Good,True
metsa board oyj,https://permid.org/1-4295866436,Metsa Board Oyj,92%,Excellent,metsa board,https://permid.org/1-4295866436,Metsa Board Oyj,92%,Excellent,True
metso corp,https://permid.org/1-4295866484,Neles Oyj,92%,Excellent,metso corp,https://permid.org/1-4295866484,Neles Oyj,92%,Excellent,True
metso outotec,https://permid.org/1-4295866538,Metso Outotec Corp,64%,Good,metso outotec,https://permid.org/1-4295866538,Metso Outotec Corp,64%,Good,True
michelin luxembourg scs,https://permid.org/1-5000002567,Michelin Luxembourg SCS,92%,Excellent,michelin luxembourg,https://permid.org/1-5000002567,Michelin Luxembourg SCS,92%,Excellent,True
mohawk capital finance sa,https://permid.org/1-5057810770,Mohawk Capital Finance SA,92%,Excellent,mohawk capital finance,https://permid.org/1-5057810770,Mohawk Capital Finance SA,74%,Good,True
mondelez intl hldgs nether bv,,,,No Match,mondelez intl hldgs nether,,,,No Match,False
mondi finance,https://permid.org/1-5000682750,Mondi Finance PLC,92%,Excellent,mondi finance,https://permid.org/1-5000682750,Mondi Finance PLC,92%,Excellent,True
mtu aero engines ag,https://permid.org/1-4295868681,MTU Aero Engines AG,92%,Excellent,mtu aero engines,https://permid.org/1-4295868681,MTU Aero Engines AG,92%,Excellent,True
naturgy capital markets sa,https://permid.org/1-4297561247,Naturgy Capital Markets SA,92%,Excellent,naturgy capital markets,https://permid.org/1-4297561247,Naturgy Capital Markets SA,81%,Good,True
naturgy finance bv,https://permid.org/1-4296948055,Naturgy Finance BV,92%,Excellent,naturgy finance,https://permid.org/1-4296948055,Naturgy Finance BV,60%,Good,True
ne property bv,https://permid.org/1-5001425607,NE Property BV,92%,Excellent,ne property,https://permid.org/1-5001425607,NE Property BV,92%,Excellent,True
nederlandse gasunie nv,https://permid.org/1-4295884978,Nederlandse Gasunie NV,92%,Excellent,nederlandse gasunie,https://permid.org/1-4295884978,Nederlandse Gasunie NV,92%,Excellent,True
nestle finance intl ltd,https://permid.org/1-5000734981,Nestle Finance International Ltd SA,77%,Good,nestle finance intl,https://permid.org/1-5000734981,Nestle Finance International Ltd SA,92%,Excellent,True
nn group nv,https://permid.org/1-5037450400,NN Group NV,92%,Excellent,nn group,https://permid.org/1-5037450400,NN Group NV,92%,Excellent,True
nokia oyj,https://permid.org/1-4295866480,Nokia Oyj,92%,Excellent,nokia,https://permid.org/1-4295866480,Nokia Oyj,92%,Excellent,True
nortegas energia distribution,https://permid.org/1-4298205141,Nortegas Energia Distribucion SAU,69%,Good,nortegas energia distribution,https://permid.org/1-4298205141,Nortegas Energia Distribucion SAU,69%,Good,True
nos sgps,https://permid.org/1-4295886936,NOS SGPS SA,92%,Excellent,nos sgp,,,,No Match,False
novartis finance sa,https://permid.org/1-4298063458,Novartis Finance SA,92%,Excellent,novartis finance,https://permid.org/1-4298063458,Novartis Finance SA,92%,Excellent,True
novomatic ag,https://permid.org/1-4297989411,Novomatic AG,92%,Excellent,novomatic,https://permid.org/1-4297989411,Novomatic AG,92%,Excellent,True
nv nederlandse gasunie,https://permid.org/1-4295884978,Nederlandse Gasunie NV,92%,Excellent,nv nederlandse gasunie,https://permid.org/1-4295884978,Nederlandse Gasunie NV,92%,Excellent,True
o2 telefonica dtld finanzier,,,,No Match,o2 telefonica dtld finanzier,,,,No Match,False
omv ag,https://permid.org/1-4295859007,OMV AG,92%,Excellent,omv,https://permid.org/1-4295859007,OMV AG,92%,Excellent,True
orange,https://permid.org/1-4295868416,Orange SA,92%,Excellent,orange,https://permid.org/1-4295868416,Orange SA,92%,Excellent,True
orange sa,https://permid.org/1-4295868416,Orange SA,92%,Excellent,orange,https://permid.org/1-4295868416,Orange SA,92%,Excellent,True
paccar financial europe bv,https://permid.org/1-4295946639,Paccar Financial Europe BV,92%,Excellent,paccar financial europe,https://permid.org/1-4295946639,Paccar Financial Europe BV,68%,Good,True
partnerre ireland finance dac,https://permid.org/1-5051778025,Partnerre Ireland Finance DAC,92%,Excellent,partnerre ireland finance,https://permid.org/1-5051778025,Partnerre Ireland Finance DAC,38%,Possible,True
pernod ricard sa,https://permid.org/1-4295867424,Pernod Ricard SA,92%,Excellent,pernod ricard,https://permid.org/1-4295867424,Pernod Ricard SA,92%,Excellent,True
petrol dd,https://permid.org/1-4295888326,Petrol dd Ljubljana,12%,Possible,petrol dd,https://permid.org/1-4295888326,Petrol dd Ljubljana,12%,Possible,True
peugeot sa,https://permid.org/1-4295868619,Peugeot Invest SA,36%,Possible,peugeot,https://permid.org/1-4295868619,Peugeot Invest SA,21%,Possible,True
poste italiane spa,https://permid.org/1-4295875842,Poste Italiane SpA,92%,Excellent,poste italiane,https://permid.org/1-4295875842,Poste Italiane SpA,92%,Excellent,True
postnl nv,https://permid.org/1-4295884770,PostNL NV,92%,Excellent,postnl,https://permid.org/1-4295884770,PostNL NV,92%,Excellent,True
prosegur cash sa,https://permid.org/1-5052537751,Prosegur Cash SA,92%,Excellent,prosegur cash,https://permid.org/1-5052537751,Prosegur Cash SA,92%,Excellent,True
prosegur cia de seguridad sa,https://permid.org/1-4295889552,Prosegur Compania de Seguridad SA,92%,Excellent,prosegur cia de seguridad,https://permid.org/1-4295889552,Prosegur Compania de Seguridad SA,81%,Good,True
prosegur compania de seguridad,https://permid.org/1-4295889552,Prosegur Compania de Seguridad SA,83%,Good,prosegur compania de seguridad,https://permid.org/1-4295889552,Prosegur Compania de Seguridad SA,83%,Good,True
prosegur compania de seguridad sa,https://permid.org/1-4295889552,Prosegur Compania de Seguridad SA,92%,Excellent,prosegur compania de seguridad,https://permid.org/1-4295889552,Prosegur Compania de Seguridad SA,83%,Good,True
prosus nv,https://permid.org/1-5001167004,Prosus NV,92%,Excellent,prosu,,,,No Match,False
publicis groupe sa,https://permid.org/1-4295866610,Publicis Groupe SA,92%,Excellent,publicis groupe,https://permid.org/1-4295866610,Publicis Groupe SA,92%,Excellent,True
rai radiotelevisione italiana spa,https://permid.org/1-4296949624,RAI Radiotelevisione Italiana SpA,92%,Excellent,rai radiotelevisione italiana,https://permid.org/1-4296949624,RAI Radiotelevisione Italiana SpA,92%,Excellent,True
reckitt benckiser treasury services bv,https://permid.org/1-5074211269,Reckitt Benckiser Treasury Services (Nederland) BV,59%,Possible,reckitt benckiser treasury services,https://permid.org/1-5000027057,Reckitt Benckiser Treasury Services PLC,92%,Excellent,False
red electrica corporacion sa,https://permid.org/1-4295889513,Red Electrica Corporacion SA,92%,Excellent,red electrica corporacion,https://permid.org/1-4295889513,Red Electrica Corporacion SA,80%,Good,True
red electrica financ sau,,,,No Match,red electrica financ,https://permid.org/1-4297190526,Red Electrica Finance Bv,62%,Good,False
redexis gas finance bv,https://permid.org/1-5042223801,Redexis Gas Finance BV,92%,Excellent,redexis gas finance,https://permid.org/1-5042223801,Redexis Gas Finance BV,68%,Good,True
regie autonome des transports parisiens,https://permid.org/1-4295867592,Regie Autonome des Transports Parisiens EPIC,73%,Good,regie autonome des transports parisien,https://permid.org/1-4295867592,Regie Autonome des Transports Parisiens EPIC,13%,Possible,True
regie autonome des transports parisiens ratp,https://permid.org/1-4295867592,Regie Autonome des Transports Parisiens EPIC,86%,Good,regie autonome des transports parisiens ratp,https://permid.org/1-4295867592,Regie Autonome des Transports Parisiens EPIC,86%,Good,True
relx finance bv,https://permid.org/1-5046041361,RELX Finance BV,92%,Excellent,relx finance,https://permid.org/1-5046041361,RELX Finance BV,92%,Excellent,True
ren finance bv,https://permid.org/1-5040232111,REN Finance BV,92%,Excellent,ren finance,https://permid.org/1-5040232111,REN Finance BV,92%,Excellent,True
renault sa,https://permid.org/1-4295867385,Renault SA,92%,Excellent,renault,https://permid.org/1-4295867385,Renault SA,92%,Excellent,True
repsol intl finance bv,https://permid.org/1-5000035934,Repsol International Finance BV,92%,Excellent,repsol intl finance,https://permid.org/1-5000035934,Repsol International Finance BV,92%,Excellent,True
resa sa,,,,No Match,resa,,,,No Match,False
richemont international holding sa,https://permid.org/1-5076925680,Richemont International Holding S.A.,92%,Excellent,richemont international holding,https://permid.org/1-5076925680,Richemont International Holding S.A.,75%,Good,True
richemont intl holding sa,https://permid.org/1-5076925680,Richemont International Holding S.A.,92%,Excellent,richemont intl holding,https://permid.org/1-5076925680,Richemont International Holding S.A.,75%,Good,True
robert bosch gmbh,https://permid.org/1-4295869214,Robert Bosch GmbH,92%,Excellent,robert bosch,https://permid.org/1-4295869214,Robert Bosch GmbH,45%,Possible,True
robert bosch investnedldbv,,,,No Match,robert bosch investnedld,,,,No Match,False
roche finance europe bv,https://permid.org/1-4296939181,Roche Finance Europe BV,92%,Excellent,roche finance europe,https://permid.org/1-4296939181,Roche Finance Europe BV,92%,Excellent,True
royal schiphol group nv,https://permid.org/1-5000048708,Royal Schiphol Group NV,92%,Excellent,royal schiphol group,https://permid.org/1-5000048708,Royal Schiphol Group NV,67%,Good,True
rte edf transport,,,,No Match,rte edf transport,,,,No Match,False
ryanair dac,https://permid.org/1-5000075993,Ryanair DAC,92%,Excellent,ryanair,https://permid.org/1-4295874870,Ryanair Holdings PLC,50%,Possible,False
safran sa,https://permid.org/1-4295867343,Safran SA,92%,Excellent,safran,https://permid.org/1-4295867343,Safran SA,92%,Excellent,True
sagax euro mtn nl bv,https://permid.org/1-5074857091,Sagax EURO MTN NL BV,92%,Excellent,sagax euro mtn nl,https://permid.org/1-5074857091,Sagax EURO MTN NL BV,71%,Good,True
sagess socandgeststdsec,,,,No Match,sagess,https://permid.org/1-4296654560,Gestion Securite de Stocks Securite SA,92%,Excellent,False
sampo oyj,https://permid.org/1-4295866416,Sampo plc,92%,Excellent,sampo,https://permid.org/1-4295866416,Sampo plc,92%,Excellent,True
sanofi sa,https://permid.org/1-4295868215,Sanofi SA,92%,Excellent,sanofi,https://permid.org/1-4295868215,Sanofi SA,92%,Excellent,True
sap se,https://permid.org/1-5043321284,SAP SE,92%,Excellent,sap,https://permid.org/1-5043321284,SAP SE,92%,Excellent,True
sato oyj,https://permid.org/1-4297219925,Sato Oyj,92%,Excellent,sato,https://permid.org/1-4295879856,Sato Holdings Corp,92%,Excellent,False
sbb treasury oyj,https://permid.org/1-5076162463,SBB Treasury Oyj,92%,Excellent,sbb treasury,https://permid.org/1-5076162463,SBB Treasury Oyj,92%,Excellent,True
schaeffler ag,https://permid.org/1-5045949737,Schaeffler AG,92%,Excellent,schaeffler,https://permid.org/1-5045949737,Schaeffler AG,92%,Excellent,True
schlumberger fin france sas,https://permid.org/1-5050268693,Schlumberger Finance France SAS,92%,Excellent,schlumberger fin france,https://permid.org/1-5050268693,Schlumberger Finance France SAS,58%,Possible,True
schlumberger finance bv,https://permid.org/1-4297665422,Schlumberger Finance BV,92%,Excellent,schlumberger finance,https://permid.org/1-5050268693,Schlumberger Finance France SAS,24%,Possible,False
schneider electric sa,https://permid.org/1-4295866940,Schneider Electric SE,92%,Excellent,schneider electric,https://permid.org/1-4295866940,Schneider Electric SE,92%,Excellent,True
schneider electric se,https://permid.org/1-4295866940,Schneider Electric SE,92%,Excellent,schneider electric,https://permid.org/1-4295866940,Schneider Electric SE,92%,Excellent,True
ses sa,https://permid.org/1-4295883014,SES SA,92%,Excellent,ses,https://permid.org/1-4295883014,SES SA,18%,Possible,True
shell international finance bv,https://permid.org/1-4297475585,Shell International Finance BV,92%,Excellent,shell international finance,https://permid.org/1-4297475585,Shell International Finance BV,92%,Excellent,True
siemens financieringsmaatschappij nv,https://permid.org/1-4296784388,Siemens Financieringsmaatschappij NV,92%,Excellent,siemens financieringsmaatschappij,https://permid.org/1-4296784388,Siemens Financieringsmaatschappij NV,92%,Excellent,True
siemens finanmaatschappij nv,,,,No Match,siemens finanmaatschappij,,,,No Match,False
sig combibloc,https://permid.org/1-4295890767,SIG Combibloc Services AG,92%,Excellent,sig combibloc,https://permid.org/1-4295890767,SIG Combibloc Services AG,92%,Excellent,True
signify nv,https://permid.org/1-5050986901,Signify NV,92%,Excellent,signify,https://permid.org/1-5050986901,Signify NV,92%,Excellent,True
simon international finance,https://permid.org/1-5061333138,Simon International Finance GP SARL,11%,Possible,simon international finance,https://permid.org/1-5061333138,Simon International Finance GP SARL,11%,Possible,True
six finance luxembourg sa,https://permid.org/1-5076357523,SIX Finance Luxembourg SA,92%,Excellent,six finance luxembourg,https://permid.org/1-5076357523,SIX Finance Luxembourg SA,74%,Good,True
snam spa,https://permid.org/1-4295875615,Snam SpA,92%,Excellent,snam,https://permid.org/1-4295875615,Snam SpA,92%,Excellent,True
sncf mobilites,,,,No Match,sncf mobilite,,,,No Match,False
societe anonyme de gestion des stocks de securite sagess,https://permid.org/1-4296258481,SA De Gestion De Stocks Securite Sagess,81%,Good,societe anonyme de gestion des stocks de securite sage,,,,No Match,False
societe des autoroutes du nord et de l est de la france sanef,https://permid.org/1-5057739178,Societe des Autoroutes du Nord et de l'Est de la France {SANEF},71%,Good,societe des autoroutes du nord et de l est de la france sanef,https://permid.org/1-5057739178,Societe des Autoroutes du Nord et de l'Est de la France {SANEF},71%,Good,True
societe des autoroutes paris rhin rhone aprr,,,,No Match,societe des autoroutes paris rhin rhone aprr,,,,No Match,False
societe fonciere lyonnaise sa,https://permid.org/1-4295867475,Societe Fonciere Lyonnaise SA,92%,Excellent,societe fonciere lyonnaise,https://permid.org/1-4295867475,Societe Fonciere Lyonnaise SA,92%,Excellent,True
societe nationale sncf sa,https://permid.org/1-4295866888,Societe Nationale SNCF SA,92%,Excellent,societe nationale sncf,https://permid.org/1-4295866888,Societe Nationale SNCF SA,80%,Good,True
sodexo sa,https://permid.org/1-4295866614,Sodexo SA,92%,Excellent,sodexo,https://permid.org/1-4295866614,Sodexo SA,92%,Excellent,True
solvay sa,https://permid.org/1-4295859421,Solvay SA,92%,Excellent,solvay,https://permid.org/1-4295859421,Solvay SA,92%,Excellent,True
spp distribucia as,https://permid.org/1-5040261492,SPP Distribucia as,92%,Excellent,spp distribucia,https://permid.org/1-5040261492,SPP Distribucia as,92%,Excellent,True
spp infrastructure fing bv,,,,No Match,spp infrastructure fing,,,,No Match,False
stedin holding nv,https://permid.org/1-4296088639,Stedin Holding NV,92%,Excellent,stedin holding,https://permid.org/1-4296088639,Stedin Holding NV,92%,Excellent,True
steinhoff europe ag,https://permid.org/1-5000025511,Steinhoff Europe AG,92%,Excellent,steinhoff europe,https://permid.org/1-5000025511,Steinhoff Europe AG,66%,Good,True
stellantis nv,https://permid.org/1-5043319761,Stellantis NV,92%,Excellent,stellanti,,,,No Match,False
stg global finance bv,https://permid.org/1-5076388739,STG Global Finance BV,92%,Excellent,stg global finance,https://permid.org/1-5076388739,STG Global Finance BV,58%,Possible,True
stora enso oyj,https://permid.org/1-4295866448,Stora Enso Oyj,92%,Excellent,stora enso,https://permid.org/1-4295866448,Stora Enso Oyj,92%,Excellent,True
strabag se,https://permid.org/1-4298050903,STRABAG SE,92%,Excellent,strab,,,,No Match,False
sudzucker intl finance bv,https://permid.org/1-4296745954,Suedzucker International Finance BV,92%,Excellent,sudzucker intl finance,https://permid.org/1-4296745954,Suedzucker International Finance BV,80%,Good,True
suez,https://permid.org/1-4298165294,Suez SA,92%,Excellent,suez,https://permid.org/1-4298165294,Suez SA,92%,Excellent,True
suez sa,https://permid.org/1-4298165294,Suez SA,92%,Excellent,suez,https://permid.org/1-4298165294,Suez SA,92%,Excellent,True
swisscom finance bv,https://permid.org/1-5073962722,Swisscom Finance BV,92%,Excellent,swisscom finance,https://permid.org/1-5001186082,Swisscom Finance Ltd,92%,Excellent,False
talanx ag,https://permid.org/1-4296750143,Talanx AG,92%,Excellent,talanx,https://permid.org/1-4296750143,Talanx AG,92%,Excellent,True
telecom italia finance sa,https://permid.org/1-5000025337,Telecom Italia Finance SA,92%,Excellent,telecom italia finance,https://permid.org/1-5000025337,Telecom Italia Finance SA,92%,Excellent,True
telecom italia spa,https://permid.org/1-4295875783,Telecom Italia SpA,92%,Excellent,telecom italia,https://permid.org/1-4295875783,Telecom Italia SpA,92%,Excellent,True
telefonica emisiones sau,https://permid.org/1-4297399586,Telefonica Emisiones SAU,92%,Excellent,telefonica emisiones,https://permid.org/1-4297399586,Telefonica Emisiones SAU,92%,Excellent,True
telefonica europe bv,https://permid.org/1-4296540347,Telefonica Europe BV,92%,Excellent,telefonica europe,https://permid.org/1-5000075627,Telefonica O2 Holdings Ltd,92%,Excellent,False
telekom finanzmanagement gmbh,https://permid.org/1-4297071947,Telekom Finanzmanagement GmbH,92%,Excellent,telekom finanzmanagement,https://permid.org/1-4297071947,Telekom Finanzmanagement GmbH,92%,Excellent,True
teleperformance se,https://permid.org/1-4295866721,Teleperformance SE,92%,Excellent,teleperformance,https://permid.org/1-4295866721,Teleperformance SE,92%,Excellent,True
tennet holding bv,https://permid.org/1-5000075299,TenneT Holding BV,92%,Excellent,tennet holding,https://permid.org/1-5000075299,TenneT Holding BV,92%,Excellent,True
teollisuuden voima oyj,https://permid.org/1-4295866515,Teollisuuden Voima Oyj,92%,Excellent,teollisuuden voima,https://permid.org/1-4295866515,Teollisuuden Voima Oyj,92%,Excellent,True
terna rete elettrica naziospa,https://permid.org/1-4295875459,Terna Rete Elettrica Nazionale SpA,14%,Possible,terna rete elettrica nazio,,,,No Match,False
thales,https://permid.org/1-4295866846,Thales SA,92%,Excellent,thale,,,,No Match,False
tlg immobilien ag,https://permid.org/1-5044024092,TLG Immobilien AG,92%,Excellent,tlg immobilien,https://permid.org/1-5044024092,TLG Immobilien AG,64%,Good,True
total capital international sa,https://permid.org/1-5035956073,Total Capital International SA,92%,Excellent,total capital international,https://permid.org/1-5050919571,TCR International Ltd,25%,Possible,False
total capital sa,https://permid.org/1-4296676289,Total Capital SA,92%,Excellent,total capital,,,,No Match,False
total infrastructures gaz france,,,,No Match,total infrastructures gaz france,,,,No Match,False
traton finance luxemburg sa,https://permid.org/1-5079693909,Traton Finance Luxembourg SA,55%,Possible,traton finance luxemburg,https://permid.org/1-5079693909,Traton Finance Luxembourg SA,31%,Possible,True
tyco electronics group sa,https://permid.org/1-4297630575,Tyco Electronics Group SA,92%,Excellent,tyco electronics group,https://permid.org/1-4297630575,Tyco Electronics Group SA,92%,Excellent,True
unibail rodamco se,https://permid.org/1-4295868264,Unibail-Rodamco-Westfield SE,92%,Excellent,unibail rodamco,https://permid.org/1-4295868264,Unibail-Rodamco-Westfield SE,92%,Excellent,True
unilever finance netherlands bv,https://permid.org/1-5079208960,Unilever Finance Netherlands BV,92%,Excellent,unilever finance netherlands,https://permid.org/1-5079208960,Unilever Finance Netherlands BV,69%,Good,True
unilever nv,,,,No Match,unilever,https://permid.org/1-4295894770,Unilever PLC,56%,Possible,False
uniper se,https://permid.org/1-5051387035,Uniper SE,92%,Excellent,uniper,https://permid.org/1-5051387035,Uniper SE,92%,Excellent,True
uniqa insurance group ag,https://permid.org/1-4295858953,UNIQA Insurance Group AG,92%,Excellent,uniqa insurance group,https://permid.org/1-4295858953,UNIQA Insurance Group AG,71%,Good,True
upjohn finance bv,https://permid.org/1-5074779515,Upjohn Finance BV,92%,Excellent,upjohn finance,https://permid.org/1-5074779515,Upjohn Finance BV,92%,Excellent,True
upm kymmene oyj,https://permid.org/1-4295866353,UPM-Kymmene Oyj,92%,Excellent,upm kymmene,https://permid.org/1-4295866353,UPM-Kymmene Oyj,92%,Excellent,True
urenco finance nv,https://permid.org/1-4297245020,Urenco Finance NV,92%,Excellent,urenco finance,https://permid.org/1-5046438306,Urenco Finance UK Ltd,61%,Good,False
valeo sa,https://permid.org/1-4295867394,Valeo SE,92%,Excellent,valeo,https://permid.org/1-4295867394,Valeo SE,92%,Excellent,True
vantage towers ag,https://permid.org/1-5076167430,Vantage Towers AG,92%,Excellent,vantage towers,https://permid.org/1-5080045750,Vantage Towers AE,92%,Excellent,False
veolia environnement,https://permid.org/1-4295867473,Veolia Environnement SA,92%,Excellent,veolia environnement,https://permid.org/1-4295867473,Veolia Environnement SA,92%,Excellent,True
veolia environnement sa,https://permid.org/1-4295867473,Veolia Environnement SA,92%,Excellent,veolia environnement,https://permid.org/1-4295867473,Veolia Environnement SA,92%,Excellent,True
verbund ag,https://permid.org/1-4295859071,Verbund AG,92%,Excellent,verbund,https://permid.org/1-4295859071,Verbund AG,92%,Excellent,True
vgp nv,https://permid.org/1-4297884956,VGP NV,92%,Excellent,vgp,https://permid.org/1-4297884956,VGP NV,92%,Excellent,True
vienna insurance group ag,https://permid.org/1-4295859017,Vienna Insurance Group AG Wiener Versicherung Gruppe,69%,Good,vienna insurance group,https://permid.org/1-4295859017,Vienna Insurance Group AG Wiener Versicherung Gruppe,92%,Excellent,True
vier gas transport gmbh,https://permid.org/1-5037635945,Vier Gas Transport GmbH,92%,Excellent,vier gas transport,https://permid.org/1-5037635945,Vier Gas Transport GmbH,92%,Excellent,True
vinci,https://permid.org/1-4295867538,Vinci SA,92%,Excellent,vinci,https://permid.org/1-4295867538,Vinci SA,92%,Excellent,True
vivendi,https://permid.org/1-4295867220,Vivendi SE,92%,Excellent,vivendi,https://permid.org/1-4295867220,Vivendi SE,92%,Excellent,True
vivendi sa,,,,No Match,vivendi,https://permid.org/1-4295867220,Vivendi SE,92%,Excellent,False
volkswagen intl finance nv,https://permid.org/1-4296694478,Volkswagen International Finance NV,92%,Excellent,volkswagen intl finance,https://permid.org/1-4296694478,Volkswagen International Finance NV,59%,Possible,True
vonovia finance bv,https://permid.org/1-5040171243,Vonovia Finance BV,92%,Excellent,vonovia finance,https://permid.org/1-5040171243,Vonovia Finance BV,92%,Excellent,True
vonovia se,https://permid.org/1-5063761614,Vonovia SE,92%,Excellent,vonovia,https://permid.org/1-5063761614,Vonovia SE,92%,Excellent,True
wendel sa,https://permid.org/1-5058607005,Wendel Lab SA,42%,Possible,wendel,https://permid.org/1-4295868312,Wendel SE,92%,Excellent,False
whirlpool emea finance sarl,https://permid.org/1-5063720884,Whirlpool EMEA Finance SARL,92%,Excellent,whirlpool emea finance,https://permid.org/1-5063720884,Whirlpool EMEA Finance SARL,50%,Possible,True
whirlpool finance luxembourg sarl,https://permid.org/1-5052151291,Whirlpool Finance Luxembourg SARL,92%,Excellent,whirlpool finance luxembourg,https://permid.org/1-5052151291,Whirlpool Finance Luxembourg SARL,52%,Possible,True
wizz air finance company bv,https://permid.org/1-5076170784,Wizz Air Finance Company BV,92%,Excellent,wizz air finance company,https://permid.org/1-5076170784,Wizz Air Finance Company BV,92%,Excellent,True
wolters kluwer nv,https://permid.org/1-4295884738,Wolters Kluwer NV,92%,Excellent,wolters kluwer,https://permid.org/1-4295884738,Wolters Kluwer NV,92%,Excellent,True
worldline sa,https://permid.org/1-4296992313,Worldline SA,92%,Excellent,worldline,https://permid.org/1-4296992313,Worldline SA,92%,Excellent,True
wpc eurobond bv,https://permid.org/1-5052169705,WPC Eurobond BV,92%,Excellent,wpc eurobond,https://permid.org/1-5052169705,WPC Eurobond BV,92%,Excellent,True
wpp finance sa,https://permid.org/1-4297937496,WPP Finance SA,92%,Excellent,wpp finance,https://permid.org/1-4296994496,WPP Finance (UK),43%,Possible,False
wurth finance international bv,https://permid.org/1-4297959131,Wurth Finance International BV,92%,Excellent,wurth finance international,https://permid.org/1-4297959131,Wurth Finance International BV,92%,Excellent,True
zapadoslovenska energetika as,https://permid.org/1-5000685837,Zapadoslovenska Energetika as,92%,Excellent,zapadoslovenska energetika,https://permid.org/1-5000685837,Zapadoslovenska Energetika as,92%,Excellent,True
zf europe finance bv,https://permid.org/1-5066539297,ZF Europe Finance BV,92%,Excellent,zf europe finance,https://permid.org/1-5066539297,ZF Europe Finance BV,56%,Possible,True
zurich finance ireland dac,https://permid.org/1-5068935173,Zurich Finance (Ireland) DAC,92%,Excellent,zurich finance ireland,https://permid.org/1-5068935173,Zurich Finance (Ireland) DAC,26%,Possible,True
